Workbook

Sheet Korsatma
B2: AMALIY ISH
B3: Mavzu: Excelda ro'yxatdan ro'yxatga murojaat qilish (VLOOKUP, INDEX, MATCH)
B4: Shart: shart operatorlaridan (IF, IFS va h.k.) foydalanilmaydi
B6: Ishning maqsadi:
B7: Talaba VLOOKUP va INDEX+MATCH funksiyalari yordamida bitta ro'yxatdagi (asosiy jadval) ma'lumotni kalit ustun (kod, ID) orqali boshqa ro'yxatga (ish jadvali) avtomatik chaqirib olishni o'rganadi. Bunda shart operatorlari (IF, IFS, SWITCH) ishlatilmaydi — faqat qidiruv (lookup) funksiyalaridan foydalaniladi.
B9: Ishchi varaqlar:
B10: 1-topshiriq — 'Mahsulotlar' va 'Buyurtmalar' varaqlari
B11: 2-topshiriq — 'Xodimlar' va 'Bolimlar' varaqlari
B12: 3-topshiriq — 'Talabalar' va 'Baholar' varaqlari (mustaqil bajarish uchun)
B14: Ruxsat etilgan funksiyalar:
B15: VLOOKUP(qidiriladigan_qiymat, jadval, ustun_raqami, 0)
B16: INDEX(qaytariladigan_diapazon, MATCH(qidiriladigan_qiymat, qidiriladigan_diapazon, 0))
... B27: Har bir sariq katakka mos formulani yozing, natijalarni tekshiring va faylni saqlab o'qituvchiga topshiring.

Sheet Mahsulotlar
A1: ASOSIY RO'YXAT: Mahsulotlar (narxlar bazasi)
A3: Kod | B3: Mahsulot nomi | C3: O'lchov birligi | D3: Narxi (so'm)
A4: M-01 | B4: Noutbuk | C4: dona | D4: 9500000
A5: M-02 | B5: Sichqoncha | C5: dona | D5: 85000
A6: M-03 | B6: Klaviatura | C6: dona | D6: 120000
A7: M-04 | B7: Monitor 24" | C7: dona | D7: 1800000
A8: M-05 | B8: Printer | C8: dona | D8: 2100000
A9: M-06 | B9: Flash-karta 64GB | C9: dona | D9: 65000
A10: M-07 | B10: Quloqchin | C10: dona | D10: 150000
A11: M-08 | B11: Veb-kamera | C11: dona | D11: 220000
A12: M-09 | B12: Router | C12: dona | D12: 480000
A13: M-10 | B13: External HDD 1TB | C13: dona | D13: 650000

Sheet Buyurtmalar
A1: 1-TOPSHIRIQ: Buyurtmalar ro'yxati
A2: Vazifa: 'Kod' ustuni asosida 'Mahsulotlar' varag'idan VLOOKUP funksiyasi bilan mahsulot nomini va narxini chaqiring, so'ngra Summa = Narxi * Soni formulasini yozing.
A4: Kod | B4: Mahsulot nomi | C4: Narxi (so'm) | D4: Soni | E4: Summa (so'm)
A5: M-03 | B5: =VLOOKUP(A5,Mahsulotlar!$A$4:$D$13,2,0) -> Klaviatura | C5: =VLOOKUP(A5,Mahsulotlar!$A$4:$D$13,4,0) -> 120000 | D5: 5 | E5: =C5*D5 -> 600000
A6: M-01 | B6: =VLOOKUP(A6,Mahsulotlar!$A$4:$D$13,2,0) -> Noutbuk | C6: =VLOOKUP(A6,Mahsulotlar!$A$4:$D$13,4,0) -> 9500000 | D6: 2 | E6: =C6*D6 -> 19000000
A7: M-07 | B7: =VLOOKUP(A7,Mahsulotlar!$A$4:$D$13,2,0) -> Quloqchin | C7: =VLOOKUP(A7,Mahsulotlar!$A$4:$D$13,4,0) -> 150000 | D7: 10 | E7: =C7*D7 -> 1500000
A8: M-05 | B8: =VLOOKUP(A8,Mahsulotlar!$A$4:$D$13,2,0) -> Printer | C8: =VLOOKUP(A8,Mahsulotlar!$A$4:$D$13,4,0) -> 2100000 | D8: 1 | E8: =C8*D8 -> 2100000
A9: M-09 | B9: =VLOOKUP(A9,Mahsulotlar!$A$4:$D$13,2,0) -> Router | C9: =VLOOKUP(A9,Mahsulotlar!$A$4:$D$13,4,0) -> 480000 | D9: 3 | E9: =C9*D9 -> 1440000
A10: M-02 | B10: =VLOOKUP(A10,Mahsulotlar!$A$4:$D$13,2,0) -> Sichqoncha | C10: =VLOOKUP(A10,Mahsulotlar!$A$4:$D$13,4,0) -> 85000 | D10: 15 | E10: =C10*D10 -> 1275000
A11: M-10 | B11: =VLOOKUP(A11,Mahsulotlar!$A$4:$D$13,2,0) -> External HDD 1TB | C11: =VLOOKUP(A11,Mahsulotlar!$A$4:$D$13,4,0) -> 650000 | D11: 4 | E11: =C11*D11 -> 2600000
A12: M-04 | B12: =VLOOKUP(A12,Mahsulotlar!$A$4:$D$13,2,0) -> Monitor 24" | C12: =VLOOKUP(A12,Mahsulotlar!$A$4:$D$13,4,0) -> 1800000 | D12: 2 | E12: =C12*D12 -> 3600000
D13: Jami: | E13: =SUM(E5:E12) -> 32115000

Sheet Bolimlar
A1: ASOSIY RO'YXAT: Bo'limlar
A3: Bolim kodi | B3: Bolim nomi | C3: Rahbari
A4: B-1 | B4: Buxgalteriya | C4: Karimova N.
A5: B-2 | B5: IT bo'limi | C5: Yusupov D.
A6: B-3 | B6: Marketing | C6: Rashidova M.
A7: B-4 | B7: Kadrlar bo'limi | C7: Aliyev S.
A8: B-5 | B8: Sotuv bo'limi | C8: Tosheva G.

Sheet Xodimlar
A1: 2-TOPSHIRIQ: Xodimlar ro'yxati
A2: Vazifa: 'Bolim kodi' asosida 'Bolimlar' varag'idan INDEX+MATCH funksiyalari bilan bo'lim nomini va rahbarini chaqiring (VLOOKUP EMAS).
A4: F.I.Sh. | B4: Bolim kodi | C4: Bolim nomi | D4: Bolim rahbari
A5: Nazarov Jasur | B5: B-2 | C5: =INDEX(Bolimlar!$B$4:$B$8,MATCH(B5,Bolimlar!$A$4:$A$8,0)) -> IT bo'limi | D5: =INDEX(Bolimlar!$C$4:$C$8,MATCH(B5,Bolimlar!$A$4:$A$8,0)) -> Yusupov D.
A6: Ergasheva Nilufar | B6: B-1 | C6: =INDEX(Bolimlar!$B$4:$B$8,MATCH(B6,Bolimlar!$A$4:$A$8,0)) -> Buxgalteriya | D6: =INDEX(Bolimlar!$C$4:$C$8,MATCH(B6,Bolimlar!$A$4:$A$8,0)) -> Karimova N.
A7: Qodirov Bekzod | B7: B-3 | C7: =INDEX(Bolimlar!$B$4:$B$8,MATCH(B7,Bolimlar!$A$4:$A$8,0)) -> Marketing | D7: =INDEX(Bolimlar!$C$4:$C$8,MATCH(B7,Bolimlar!$A$4:$A$8,0)) -> Rashidova M.
A8: Yoldasheva Sevara | B8: B-5 | C8: =INDEX(Bolimlar!$B$4:$B$8,MATCH(B8,Bolimlar!$A$4:$A$8,0)) -> Sotuv bo'limi | D8: =INDEX(Bolimlar!$C$4:$C$8,MATCH(B8,Bolimlar!$A$4:$A$8,0)) -> Tosheva G.
A9: Rustamov Ikrom | B9: B-4 | C9: =INDEX(Bolimlar!$B$4:$B$8,MATCH(B9,Bolimlar!$A$4:$A$8,0)) -> Kadrlar bo'limi | D9: =INDEX(Bolimlar!$C$4:$C$8,MATCH(B9,Bolimlar!$A$4:$A$8,0)) -> Aliyev S.
A10: Ismoilova Dilnoza | B10: B-2 | C10: =INDEX(Bolimlar!$B$4:$B$8,MATCH(B10,Bolimlar!$A$4:$A$8,0)) -> IT bo'limi | D10: =INDEX(Bolimlar!$C$4:$C$8,MATCH(B10,Bolimlar!$A$4:$A$8,0)) -> Yusupov D.

Sheet Baholar
A1: ASOSIY RO'YXAT: Talabalar bazasi
A3: Talaba ID | B3: F.I.Sh. | C3: Guruh | D3: O'rtacha ball
A4: T-101 | B4: Sobirova Malika | C4: 204-21 | D4: 4.6
A5: T-102 | B5: Xolmatov Otabek | C5: 204-21 | D5: 3.9
A6: T-103 | B6: Berdiyeva Zarina | C6: 205-21 | D6: 4.2
A7: T-104 | B7: Umarov Shoxrux | C7: 205-21 | D7: 3.5
A8: T-105 | B8: Nabieva Kamola | C8: 204-21 | D8: 4.8
A9: T-106 | B9: Tursunov Alisher | C9: 206-21 | D9: 4
A10: T-107 | B10: Yusupova Madina | C10: 206-21 | D10: 3.7

Sheet Talabalar
A1: 3-TOPSHIRIQ (mustaqil): Tanlangan talabalar ro'yxati
A2: Vazifa: 'Talaba ID' asosida 'Baholar' varag'idan F.I.Sh., Guruh va O'rtacha ballni mustaqil ravishda VLOOKUP yoki INDEX+MATCH bilan to'ldiring (usulni o'zingiz tanlang).
A4: Talaba ID | B4: F.I.Sh. | C4: Guruh | D4: O'rtacha ball
A5: T-104
A6: T-101
A7: T-107
A8: T-102
A9: T-105
